CHONGQING, china
SHANGHAI, china
BEIJING, china
LAGOS, nigeria
DHAKA, bangladesh
MUMBAI, india
CHENGDU, china
KARACHI, pakistan
GUANGZHOU, china
ISTANBUL, turkey
TOKYO, japan
TIANJIN, china
MOSCOW, russia
SAO PAULO, brazil
KINSHASA, dr congo
DELHI, india
BAODING, china
LAHORE, pakistan
CAIRO, egypt
SEOUL," korea, south"
JAKARTA, indonesia
WENZHOU, china
LIMA, peru
MEXICO CITY, mexico
LONDON, united kingdom
BANGKOK, thailand
XI'AN, china
CHENNAI, india
BANGALORE, india
NEW YORK CITY, usa
HO CHI MINH CITY, vietnam
HYDERABAD, india
SHENZHEN, china
SUZHOU, china
NANJING, china
DONGGUAN, china
TEHRAN, iran
QUANZHOU, china
SHENYANG, china
BOGOT?, colombia
HONG KONG, china
BAGHDAD, iraq
FUZHOU, china
CHANGSHA, china
WUHAN, china
HANOI, vietnam
RIO DE JANEIRO, brazil
QINGDAO, china
FOSHAN, china
ZUNYI, china
SANTIAGO, chile
RIYADH, saudi arabia
AHMEDABAD, india
SINGAPORE, singapore
SHANTOU, china
ANKARA, turkey
YANGON, myanmar
SAINT PETERSBURG, russia
SYDNEY, australia
CASABLANCA, morocco
MELBOURNE, australia
ABIDJAN, ivory coast
ALEXANDRIA, egypt
KOLKATA, india
SURAT, india
JOHANNESBURG, south africa
DAR ES SALAAM, tanzania
SHIJIAZHUANG, china
HARBIN, china
GIZA, egypt
?ZMIR, turkey
ZHENGZHOU, china
NEW TAIPEI CITY, taiwan
LOS ANGELES, usa
CHANGCHUN, china
CAPE TOWN, south africa
YOKOHAMA, japan
KHARTOUM, sudan
GUAYAQUIL, ecuador
HANGZHOU, china
XIAMEN, china
BERLIN, germany
BUSAN," korea, south"
NINGBO, china
JEDDAH, saudi arabia
DURBAN, south africa
ALGIERS, algeria
KABUL, afghanistan
HEFEI, china
MASHHAD, iran
PYONGYANG," korea, north"
MADRID, spain
FAISALABAD, pakistan
BAKU, azerbaijan
TANGSHAN, china
EKURHULENI, south africa
NAIROBI, kenya
ZHONGSHAN, china
PUNE, india
ADDIS ABABA, ethiopia
JAIPUR, india
BUENOS AIRES, argentina
INCHEON," korea, south"
QUEZON CITY, philippines
TORONTO, canada
KYIV, ukraine
SALVADOR, brazil
ROME, italy
DUBAI, united arab emirates
LUANDA, angola
LUCKNOW, india
KAOHSIUNG, taiwan
KANPUR, india
SURABAYA, indonesia
TAICHUNG, taiwan
BASRA, iraq
TAIPEI, taiwan
CHICAGO, usa
OSAKA, japan
QUITO, ecuador
CHAOZHOU, china
FORTALEZA, brazil
CHITTAGONG, bangladesh
BANDUNG, indonesia
MANAGUA, nicaragua
BRAS?LIA, brazil
BELO HORIZONTE, brazil
DAEGU," korea, south"
HOUSTON, usa
DOUALA, cameroon
MEDELLIN, colombia
YAOUND?, cameroon
NAGPUR, india
CALI, colombia
TASHKENT, uzbekistan
NAGOYA, japan
ISFAHAN, iran
PHNOM PENH, cambodia
PARIS, france
TAOYUAN, taiwan
OUAGADOUGOU, burkina faso
LANZHOU, china
KANO, nigeria
DALIAN, china
GUATEMALA CITY, guatemala
HAVANA, cuba
RAWALPINDI, pakistan
MEDAN, indonesia
ACCRA, ghana
VISAKHAPATNAM, india
GUJRANWALA, pakistan
JINAN, china
KARAJ, iran
PESHAWAR, pakistan
MINSK, belarus
CARACAS, venezuela
SANA'A, yemen
SAPPORO, japan
TAINAN, taiwan
BUCHAREST, romania
CURITIBA, brazil
MULTAN, pakistan
SHIRAZ, iran
VIENNA, austria
BRAZZAVILLE, congo republic
BHOPAL, india
ALMATY, kazakhstan
HAMBURG, germany
MANILA, philippines
KUALA LUMPUR, malaysia
MAPUTO, mozambique
BUDAPEST, hungary
WARSAW, poland
LUSAKA, zambia
KATHMANDU,   nepal
TABRIZ, iran
HYDERABAD, pakistan
PALEMBANG, indonesia
TIJUANA, mexico
PATNA, india
MONTREAL, canada
DAVAO CITY, philippines
HARARE, zimbabwe
BARCELONA, spain
MARACAIBO, venezuela
CALOOCAN, philippines
PHILADELPHIA, usa
NOVOSIBIRSK, russia
PHOENIX, usa
ORAN, algeria
SEMARANG, indonesia
RECIFE, brazil
KOBE, japan
DAEJEON," korea, south"
KAMPALA, uganda
KAWASAKI, japan
GUADALAJARA, mexico
AUCKLAND, new zealand
VIJAYAWADA, india
FUKUOKA, japan
GWANGJU," korea, south"
PORTO ALEGRE, brazil
KYOTO, japan
SAN ANTONIO, usa
SANTA CRUZ DE LA SIERRA, bolivia
MUNICH, germany
KHARKIV, ukraine
YEKATERINBURG, russia
SAN DIEGO, usa
BARRANQUILLA, colombia
MILAN, italy
IBADAN, nigeria
MAKASSAR, indonesia
C?RDOBA, argentina
PRAGUE, czech republic
MANDALAY, myanmar
DALLAS, usa
MONTEVIDEO, uruguay
QOM, iran
AHVAZ, iran
SOFIA, bulgaria
NIZHNY NOVGOROD, russia
ABUJA, nigeria
CALGARY, canada
SAITAMA, japan
SUWON," korea, south"
HIROSHIMA, japan
ROSARIO, argentina
BRISBANE, australia
ALLAHABAD, india
BELGRADE, serbia
CAMPINAS, brazil
ULSAN," korea, south"
OMSK, russia
DAKAR, senegal
ABU DHABI, united arab emirates
MONTERREY, mexico
TRIPOLI, libya
ROSTOV-ON-DON, russia
T'BILISI, georgia
FEZ, morocco
BIRMINGHAM, united kingdom
YEREVAN, armenia
COLOGNE, germany
TUNIS, tunisia
BULAWAYO, zimbabwe
NUR-SULTAN, kazakhstan
ISLAMABAD, pakistan
CARTAGENA, colombia
CEBU CITY, philippines
